INSERT INTO roles (name)
VALUES ('ROLE_ADMIN'),
       ('ROLE_USER'),
       ('ROLE_ANONYMOUS');

INSERT INTO users (id, username, email, phone_number, activated, activation_key, verification_phone_code, password,
                   created_at)
VALUES (DEFAULT, 'toto', 'toto@gmail.com', '+32411601733', true, null,
        null, '$2y$10$zXH3.kVPYuN2W/Ge2AajoOW.XfsSjlMCOJmoN6GRXDq1I49IBe0/S', DEFAULT),

       (DEFAULT, 'tata', 'tata@gmail.com', '+3241151010', true, null, null,
        '$2y$10$5p.uOY9VVrJaLxqVpU6iae3vTzw16SoaBQMv1o1CkKhJLonZRG/Z6', DEFAULT),

       (DEFAULT, 'tzndzn', 'tzndzn@gmail.com', '+32411510711', true, null, null,
        '$2y$10$5p.uOY9VVrJaLxqVpU6iae3vTzw16SoaBQMv1o1CkKhJLonZRG/Z6', DEFAULT),

       (DEFAULT, 'bzbuiz', 'bzbuiz@gmail.com', '+32411510123', true, null, null,
        '$2y$10$5p.uOY9VVrJaLxqVpU6iae3vTzw16SoaBQMv1o1CkKhJLonZRG/Z6', DEFAULT),

       (DEFAULT, 'dcozuz', 'dcozuz@gmail.com', '+32411510981', true, null, null,
        '$2y$10$5p.uOY9VVrJaLxqVpU6iae3vTzw16SoaBQMv1o1CkKhJLonZRG/Z6', DEFAULT),

       (DEFAULT, 'ycgygcd', 'ycgygcd@gmail.com', '+32411510234', true, null, null,
        '$2y$10$5p.uOY9VVrJaLxqVpU6iae3vTzw16SoaBQMv1o1CkKhJLonZRG/Z6', DEFAULT),

       (DEFAULT, 'njzbuz', 'njzbuz@gmail.com', '+32411510222', true, null, null,
        '$2y$10$5p.uOY9VVrJaLxqVpU6iae3vTzw16SoaBQMv1o1CkKhJLonZRG/Z6', DEFAULT),

       (DEFAULT, 'nubcuz', 'nubcuz@gmail.com', '+32411510733', true, null, null,
        '$2y$10$5p.uOY9VVrJaLxqVpU6iae3vTzw16SoaBQMv1o1CkKhJLonZRG/Z6', DEFAULT),

       (DEFAULT, 'vddnueu', 'vddnueu@gmail.com', '+32411510238', true, null, null,
        '$2y$10$5p.uOY9VVrJaLxqVpU6iae3vTzw16SoaBQMv1o1CkKhJLonZRG/Z6', DEFAULT),

       (DEFAULT, 'xsjfnuue', 'xsjfnuue@gmail.com', '+32412510285', true, null, null,
        '$2y$10$5p.uOY9VVrJaLxqVpU6iae3vTzw16SoaBQMv1o1CkKhJLonZRG/Z6', DEFAULT),

       (DEFAULT, 'nfuzhzuoh', 'nfuzhzuoh@gmail.com', '+32411510643', true, null, null,
        '$2y$10$5p.uOY9VVrJaLxqVpU6iae3vTzw16SoaBQMv1o1CkKhJLonZRG/Z6', DEFAULT),

       (DEFAULT, 'xsdnufveu', 'xsdnufveu@gmail.com', '+32411510542', true, null, null,
        '$2y$10$5p.uOY9VVrJaLxqVpU6iae3vTzw16SoaBQMv1o1CkKhJLonZRG/Z6', DEFAULT),

       (DEFAULT, 'fezuznunzc', 'fezuznunzc@gmail.com', '+32411510333', true, null, null,
        '$2y$10$5p.uOY9VVrJaLxqVpU6iae3vTzw16SoaBQMv1o1CkKhJLonZRG/Z6', DEFAULT),

       (DEFAULT, 'fnduhohz', 'fnduhohz@gmail.com', '+32411510431', true, null, null,
        '$2y$10$5p.uOY9VVrJaLxqVpU6iae3vTzw16SoaBQMv1o1CkKhJLonZRG/Z6', DEFAULT),

       (DEFAULT, 'dsihdcibscd', 'dsihdcibscd@gmail.com', '+32411510228', true, null, null,
        '$2y$10$5p.uOY9VVrJaLxqVpU6iae3vTzw16SoaBQMv1o1CkKhJLonZRG/Z6', DEFAULT),

       (DEFAULT, 'dndnzaxw', 'dndnzaxw@gmail.com', '+32411510761', true, null, null,
        '$2y$10$5p.uOY9VVrJaLxqVpU6iae3vTzw16SoaBQMv1o1CkKhJLonZRG/Z6', DEFAULT),

       (DEFAULT, 'wczyuzza', 'wczyuzza@gmail.com', '+32411510871', true, null, null,
        '$2y$10$5p.uOY9VVrJaLxqVpU6iae3vTzw16SoaBQMv1o1CkKhJLonZRG/Z6', DEFAULT),

       (DEFAULT, 'dsniazjax', 'dsniazjax@gmail.com', '+32411510236', true, null, null,
        '$2y$10$5p.uOY9VVrJaLxqVpU6iae3vTzw16SoaBQMv1o1CkKhJLonZRG/Z6', DEFAULT),

       (DEFAULT, 'mdnjnzzq', 'mdnjnzzq@gmail.com', '+32411510769', true, null, null,
        '$2y$10$5p.uOY9VVrJaLxqVpU6iae3vTzw16SoaBQMv1o1CkKhJLonZRG/Z6', DEFAULT),

       (DEFAULT, 'xvslejoiz', 'xvslejoiz@gmail.com', '+32411510771', true, null, null,
        '$2y$10$5p.uOY9VVrJaLxqVpU6iae3vTzw16SoaBQMv1o1CkKhJLonZRG/Z6', DEFAULT),

       (DEFAULT, 'qscxbzlu', 'qscxbzlu@gmail.com', '+32411522932', true, null, null,
        '$2y$10$5p.uOY9VVrJaLxqVpU6iae3vTzw16SoaBQMv1o1CkKhJLonZRG/Z6', DEFAULT),

       (DEFAULT, 'fnsohoish', 'fnsohoish@gmail.com', '+32411510237', true, null, null,
        '$2y$10$5p.uOY9VVrJaLxqVpU6iae3vTzw16SoaBQMv1o1CkKhJLonZRG/Z6', DEFAULT),

       (DEFAULT, 'fbduziz', 'fbduziz@gmail.com', '+32411510986', true, null, null,
        '$2y$10$5p.uOY9VVrJaLxqVpU6iae3vTzw16SoaBQMv1o1CkKhJLonZRG/Z6', DEFAULT),

       (DEFAULT, 'qceizijxw', 'qceizijxw@gmail.com', '+32411510563', true, null, null,
        '$2y$10$5p.uOY9VVrJaLxqVpU6iae3vTzw16SoaBQMv1o1CkKhJLonZRG/Z6', DEFAULT),

       (DEFAULT, 'wcslkjzmmn', 'wcslkjzmmn@gmail.com', '+32411110226', true, null, null,
        '$2y$10$5p.uOY9VVrJaLxqVpU6iae3vTzw16SoaBQMv1o1CkKhJLonZRG/Z6', DEFAULT),

       (DEFAULT, 'wxmljesx', 'wxmljesx@gmail.com', '+32411510449', true, null, null,
        '$2y$10$5p.uOY9VVrJaLxqVpU6iae3vTzw16SoaBQMv1o1CkKhJLonZRG/Z6', DEFAULT),

       (DEFAULT, 'lksxvez', 'lksxvez@gmail.com', '+32411510348', true, null, null,
        '$2y$10$5p.uOY9VVrJaLxqVpU6iae3vTzw16SoaBQMv1o1CkKhJLonZRG/Z6', DEFAULT),

       (DEFAULT, 'xfezmkcex', 'xfezmkcex@gmail.com', '+32411510980', true, null, null,
        '$2y$10$5p.uOY9VVrJaLxqVpU6iae3vTzw16SoaBQMv1o1CkKhJLonZRG/Z6', DEFAULT),

       (DEFAULT, 'wcszcezez', 'wcszcezez@gmail.com', '+32411510810', true, null, null,
        '$2y$10$5p.uOY9VVrJaLxqVpU6iae3vTzw16SoaBQMv1o1CkKhJLonZRG/Z6', DEFAULT),

       (DEFAULT, 'qzrilljsx', 'qzrilljsx@gmail.com', '+32411510799', true, null, null,
        '$2y$10$5p.uOY9VVrJaLxqVpU6iae3vTzw16SoaBQMv1o1CkKhJLonZRG/Z6', DEFAULT),

       (DEFAULT, 'sqwdmkzz', 'sqwdmkzz@gmail.com', '+32411510441', true, null, null,
        '$2y$10$5p.uOY9VVrJaLxqVpU6iae3vTzw16SoaBQMv1o1CkKhJLonZRG/Z6', DEFAULT),

       (DEFAULT, 'wxdzryi', 'wxdzryi@gmail.com', '+32411510888', true, null, null,
        '$2y$10$5p.uOY9VVrJaLxqVpU6iae3vTzw16SoaBQMv1o1CkKhJLonZRG/Z6', DEFAULT),

       (DEFAULT, 'wxcezqxkh', 'wxcezqxkh@gmail.com', '+32411510555', true, null, null,
        '$2y$10$5p.uOY9VVrJaLxqVpU6iae3vTzw16SoaBQMv1o1CkKhJLonZRG/Z6', DEFAULT),

       (DEFAULT, 'wxmlfezlop', 'wxmlfezlop@gmail.com', '+32411510873', true, null, null,
        '$2y$10$5p.uOY9VVrJaLxqVpU6iae3vTzw16SoaBQMv1o1CkKhJLonZRG/Z6', DEFAULT),

       (DEFAULT, 'wxnvetyos', 'wxnvetyos@gmail.com', '+32411510321', true, null, null,
        '$2y$10$5p.uOY9VVrJaLxqVpU6iae3vTzw16SoaBQMv1o1CkKhJLonZRG/Z6', DEFAULT),

       (DEFAULT, 'sbbjnunz', 'sbbjnunz@gmail.com', '+32411510290', true, null, null,
        '$2y$10$5p.uOY9VVrJaLxqVpU6iae3vTzw16SoaBQMv1o1CkKhJLonZRG/Z6', DEFAULT),

       (DEFAULT, 'xsenzeay', 'xsenzeay@gmail.com', '+32411510347', true, null, null,
        '$2y$10$5p.uOY9VVrJaLxqVpU6iae3vTzw16SoaBQMv1o1CkKhJLonZRG/Z6', DEFAULT),

       (DEFAULT, 'qsmkdexw', 'qsmkdexw@gmail.com', '+32411510483', true, null, null,
        '$2y$10$5p.uOY9VVrJaLxqVpU6iae3vTzw16SoaBQMv1o1CkKhJLonZRG/Z6', DEFAULT),

       (DEFAULT, 'qsouezxw', 'qsouezxw@gmail.com', '+32411510671', true, null, null,
        '$2y$10$5p.uOY9VVrJaLxqVpU6iae3vTzw16SoaBQMv1o1CkKhJLonZRG/Z6', DEFAULT),

       (DEFAULT, 'wxeezlrsml', 'wxeezlrsml@gmail.com', '+32411510372', true, null, null,
        '$2y$10$5p.uOY9VVrJaLxqVpU6iae3vTzw16SoaBQMv1o1CkKhJLonZRG/Z6', DEFAULT),

       (DEFAULT, 'wxmkdezav', 'wxmkdezav@gmail.com', '+32411510401', true, null, null,
        '$2y$10$5p.uOY9VVrJaLxqVpU6iae3vTzw16SoaBQMv1o1CkKhJLonZRG/Z6', DEFAULT),

       (DEFAULT, 'qreoiqkxw', 'qreoiqkxw@gmail.com', '+32411510931', true, null, null,
        '$2y$10$5p.uOY9VVrJaLxqVpU6iae3vTzw16SoaBQMv1o1CkKhJLonZRG/Z6', DEFAULT),

       (DEFAULT, 'qwslkfbx', 'qwslkfbx@gmail.com', '+324115109347', true, null, null,
        '$2y$10$5p.uOY9VVrJaLxqVpU6iae3vTzw16SoaBQMv1o1CkKhJLonZRG/Z6', DEFAULT),

       (DEFAULT, 'qzaoilbxf', 'qzaoilbxf@gmail.com', '+32411510274', true, null, null,
        '$2y$10$5p.uOY9VVrJaLxqVpU6iae3vTzw16SoaBQMv1o1CkKhJLonZRG/Z6', DEFAULT),

       (DEFAULT, 'tutu', 'tutu@gmail.com', '+32421510253', false,
        '54947df8-0e9e-4471-a2f9-9af509fb5889', 1234228,
        '$2y$10$WHo/rOI5YCeiepz/0drvfOZXYnyOgwz0OEi9zulO4Vg/EVpbuQl5m', '2020-03-17 19:10:21-07'),

       (DEFAULT, 'titi', 'titi@gmail.com', '+32421410300', false, '12737df8-0e9e-4471-a2f9-9af509fb5114',
        44342119, '$2y$10$dU.y3rblsNc/rg4b24jw9u0u7ULgt6l84z6WJ3iSEdQov5wjK/WUm', '2019-07-22 22:33:25-07');

INSERT INTO user_roles (role_name, user_id)
VALUES ('ROLE_ADMIN', (SELECT id FROM users WHERE username = 'toto')),
       ('ROLE_USER', (SELECT id FROM users WHERE username = 'tata')),
       ('ROLE_USER', (SELECT id FROM users WHERE username = 'tutu')),
       ('ROLE_USER', (SELECT id FROM users WHERE username = 'titi'));

INSERT INTO town (postcode, name)
VALUES (1348, 'Louvain-la-Neuve'),
       (1300, 'Wavre'),
       (1370, 'Jodoigne'),
       (1400, 'Nivelles'),
       (1480, 'Tubize');

INSERT INTO address (id, road, post_box, house_number, postcode, user_id, created_at)
VALUES (DEFAULT, 'rue de la place', 7, 7, 1300, (SELECT id FROM users WHERE username = 'toto'), DEFAULT),
       (DEFAULT, 'avenue des francs de la roi', 21, 21, 1348, (SELECT id FROM users WHERE username = 'tata'), DEFAULT),
       (DEFAULT, 'rue saint reine', 13, 13, 1370, (SELECT id FROM users WHERE username = 'tutu'), DEFAULT),
       (DEFAULT, 'place des fontaines', 34, 34, 1480, (SELECT id FROM users WHERE username = 'titi'), DEFAULT);

INSERT INTO models_options (option_code, seats_number, has_air_conditioner, is_automatic, bags_number, created_at)
VALUES ('S4-CT-AT-B2', 4, true, true, 2, DEFAULT),
       ('S5-CT-AF-B2', 5, true, false, 2, DEFAULT),
       ('S5-CT-AF-B3', 5, true, false, 3, DEFAULT),
       ('S5-CT-AF-B4', 5, true, false, 4, DEFAULT),
       ('S7-CT-AF-B4', 7, true, false, 4, DEFAULT),
       ('S4-CT-AT-B1', 4, true, true, 1, DEFAULT),
       ('S9-CT-AF-B3', 9, true, false, 3, DEFAULT),
       ('S9-CT-AF-B4', 9, true, false, 4, DEFAULT),
       ('S4-CT-AF-B1', 4, true, false, 1, DEFAULT);

INSERT INTO pricing_class (class_name, daily_fine, price_by_km, allowed_km_per_day, cost_per_day, created_at)
VALUES ('CLASS_A', 25, 20, 40, 300, DEFAULT),
       ('CLASS_B', 20, 15, 40, 230, DEFAULT),
       ('CLASS_C', 15, 10, 40, 110, DEFAULT);

INSERT INTO models (id, model_type, brand, model_option, pricing_class, created_at)
VALUES (DEFAULT, 'Corsa', 'Opel', 'S5-CT-AF-B2', 'CLASS_C', DEFAULT),
       (DEFAULT, 'Zafira', 'Opel', 'S7-CT-AF-B4', 'CLASS_A', DEFAULT),
       (DEFAULT, 'Fiesta', 'Ford', 'S4-CT-AT-B2', 'CLASS_B', DEFAULT),
       (DEFAULT, 'Aygo', 'Toyota', 'S4-CT-AT-B2', 'CLASS_B', DEFAULT),
       (DEFAULT, 'Captur', 'Renault', 'S5-CT-AF-B2', 'CLASS_C', DEFAULT),
       (DEFAULT, 'Twingo', 'Renault', 'S4-CT-AT-B2', 'CLASS_A', DEFAULT),
       (DEFAULT, 'Mokka', 'Opel', 'S5-CT-AF-B3', 'CLASS_B', DEFAULT),
       (DEFAULT, '5008', 'Peugeot', 'S7-CT-AF-B4', 'CLASS_C', DEFAULT),
       (DEFAULT, 'Stonic', 'Kia', 'S5-CT-AF-B3', 'CLASS_A', DEFAULT),
       (DEFAULT, 'V40', 'Volvo', 'S5-CT-AF-B2', 'CLASS_A', DEFAULT),
       (DEFAULT, '318', 'BMW', 'S5-CT-AF-B2', 'CLASS_A', DEFAULT),
       (DEFAULT, 'C-Class', 'Mercedes-Benz', 'S5-CT-AF-B2', 'CLASS_B', DEFAULT),
       (DEFAULT, 'C3', 'Citroen', 'S5-CT-AF-B2', 'CLASS_A', DEFAULT),
       (DEFAULT, 'CR-V', 'Honda', 'S5-CT-AF-B3', 'CLASS_C', DEFAULT),
       (DEFAULT, 'C-Max', 'Ford', 'S5-CT-AF-B2', 'CLASS_C', DEFAULT),
       (DEFAULT, 'Vivaro', 'Opel', 'S9-CT-AF-B3', 'CLASS_C', DEFAULT),
       (DEFAULT, 'Pulsar', 'Nissan', 'S5-CT-AF-B2', 'CLASS_A', DEFAULT),
       (DEFAULT, 'Cooper Cabriao', 'Mini', 'S4-CT-AT-B2', 'CLASS_A', DEFAULT),
       (DEFAULT, 'Traffic', 'Renault', 'S9-CT-AF-B4', 'CLASS_A', DEFAULT),
       (DEFAULT, 'Qashqai', 'Nissan', 'S5-CT-AF-B3', 'CLASS_A', DEFAULT),
       (DEFAULT, 'Renegade', 'Jeep', 'S5-CT-AF-B3', 'CLASS_B', DEFAULT),
       (DEFAULT, 'Megane', 'Renault', 'S5-CT-AF-B3', 'CLASS_B', DEFAULT),
       (DEFAULT, 'Juke', 'Nissan', 'S5-CT-AF-B3', 'CLASS_A', DEFAULT),
       (DEFAULT, 'Yaris', 'Toyota', 'S5-CT-AF-B2', 'CLASS_B', DEFAULT),
       (DEFAULT, 'Espace', 'Renault', 'S5-CT-AF-B4', 'CLASS_A', DEFAULT),
       (DEFAULT, 'Astra', 'Opel', 'S5-CT-AF-B2', 'CLASS_A', DEFAULT),
       (DEFAULT, 'Golf', 'Volkswagen', 'S5-CT-AF-B2', 'CLASS_C', DEFAULT),
       (DEFAULT, 'Touran', 'Volkswagen', 'S5-CT-AF-B4', 'CLASS_A', DEFAULT),
       (DEFAULT, 'T-ROC', 'Volkswagen', 'S5-CT-AF-B2', 'CLASS_B', DEFAULT),
       (DEFAULT, 'Camry', 'Toyata', 'S5-CT-AF-B2', 'CLASS_A', DEFAULT),
       (DEFAULT, 'Mondeo', 'Ford', 'S5-CT-AF-B2', 'CLASS_B', DEFAULT),
       (DEFAULT, 'A4', 'Audi', 'S5-CT-AF-B2', 'CLASS_A', DEFAULT),
       (DEFAULT, 'Focus', 'Ford', 'S5-CT-AF-B4', 'CLASS_C', DEFAULT),
       (DEFAULT, 'Caddy', 'Volkswagen', 'S5-CT-AF-B2', 'CLASS_B', DEFAULT),
       (DEFAULT, 'Baleno', 'Suzuki', 'S5-CT-AF-B2', 'CLASS_A', DEFAULT),
       (DEFAULT, 'Avensis', 'Toyota', 'S5-CT-AF-B2', 'CLASS_A', DEFAULT),
       (DEFAULT, 'Spark', 'Chevrolet', 'S4-CT-AT-B2', 'CLASS_C', DEFAULT),
       (DEFAULT, 'Passat', 'Volkswagen', 'S5-CT-AF-B2', 'CLASS_B', DEFAULT),
       (DEFAULT, 'Evalia', 'Nissan', 'S7-CT-AF-B4', 'CLASS_C', DEFAULT),
       (DEFAULT, 'Corolla', 'Toyota', 'S5-CT-AF-B2', 'CLASS_B', DEFAULT),
       (DEFAULT, 'X1', 'BMW', 'S5-CT-AF-B3', 'CLASS_A', DEFAULT),
       (DEFAULT, 'Auris', 'Toyota', 'S5-CT-AF-B3', 'CLASS_C', DEFAULT),
       (DEFAULT, 'Punto', 'Fiat', 'S5-CT-AF-B2', 'CLASS_B', DEFAULT),
       (DEFAULT, 'Venga', 'Kia', 'S5-CT-AF-B2', 'CLASS_A', DEFAULT),
       (DEFAULT, 'Civic', 'Honda', 'S5-CT-AF-B2', 'CLASS_B', DEFAULT),
       (DEFAULT, 'Polo', 'Volkswagen', 'S4-CT-AF-B1', 'CLASS_C', DEFAULT);

INSERT INTO cars (id, license_plate, made_in_year, is_damaged, purchased_price, model_id, created_at)
VALUES (DEFAULT, '1-ABC-001', 2018, false, 14217.99,
        (SELECT id FROM models WHERE model_type = 'Zafira' AND brand = 'Opel'), DEFAULT),

       (DEFAULT, '1-BDC-123', 2018, false, 21444.99,
        (SELECT id FROM models WHERE model_type = 'Polo' AND brand = 'Volkswagen'), DEFAULT),

       (DEFAULT, '2-AAS-012', 2019, false, 19231.99,
        (SELECT id FROM models WHERE model_type = 'Polo' AND brand = 'Volkswagen'), DEFAULT),

       (DEFAULT, '3-QVW-23', 2018, false, 24184.99,
        (SELECT id FROM models WHERE model_type = 'Fiesta' AND brand = 'Ford'), DEFAULT),

       (DEFAULT, '5-WTS-191', 2020, false, 12444.99,
        (SELECT id FROM models WHERE model_type = 'Corsa' AND brand = 'Opel'), DEFAULT),

       (DEFAULT, '7-CAH-11', 2019, false, 17914.99,
        (SELECT id FROM models WHERE model_type = 'Aygo' AND brand = 'Toyota'), DEFAULT),

       (DEFAULT, '7-AUQ-192', 2019, false, 17944.99,
        (SELECT id FROM models WHERE model_type = 'Captur' AND brand = 'Renault'), DEFAULT),

       (DEFAULT, '3-EUK-192', 2019, false, 11924.99,
        (SELECT id FROM models WHERE model_type = 'Twingo' AND brand = 'Renault'), DEFAULT),

       (DEFAULT, '1-XZF-92', 2019, false, 17944.99,
        (SELECT id FROM models WHERE model_type = 'Mokka' AND brand = 'Opel'), DEFAULT),

       (DEFAULT, '2-ZEX-987', 2019, false, 19231.99,
        (SELECT id FROM models WHERE model_type = 'Polo' AND brand = 'Volkswagen'), DEFAULT),

       (DEFAULT, '3-GTF-16', 2016, false, 12744.99,
        (SELECT id FROM models WHERE model_type = 'Corsa' AND brand = 'Opel'), DEFAULT),

       (DEFAULT, '7-CXF-112', 2019, false, 17914.99,
        (SELECT id FROM models WHERE model_type = 'Mokka' AND brand = 'Opel'), DEFAULT),

       (DEFAULT, '7-CLF-153', 2019, false, 17944.99,
        (SELECT id FROM models WHERE model_type = '5008' AND brand = 'Peugeot'), DEFAULT),

       (DEFAULT, '9-WHS-121', 2016, false, 12444.99,
        (SELECT id FROM models WHERE model_type = 'Corsa' AND brand = 'Opel'), DEFAULT),

       (DEFAULT, '2-KAE-012', 2019, false, 19231.99,
        (SELECT id FROM models WHERE model_type = 'Polo' AND brand = 'Volkswagen'), DEFAULT),

       (DEFAULT, '7-FRT-32', 2019, false, 17944.99,
        (SELECT id FROM models WHERE model_type = 'C-Class' AND brand = 'Mercedes-Benz'), DEFAULT),

       (DEFAULT, '7-CYU-392', 2019, false, 17944.99,
        (SELECT id FROM models WHERE model_type = 'V40' AND brand = 'Volvo'), DEFAULT),

       (DEFAULT, '5-ZRT-45', 2016, false, 12444.99,
        (SELECT id FROM models WHERE model_type = 'Corsa' AND brand = 'Opel'), DEFAULT),

       (DEFAULT, '2-MLQ-109', 2019, false, 17944.99,
        (SELECT id FROM models WHERE model_type = 'Mokka' AND brand = 'Opel'), DEFAULT),

       (DEFAULT, '7-CVZ-122', 2019, false, 17944.99,
        (SELECT id FROM models WHERE model_type = 'C3' AND brand = 'Citroen'), DEFAULT),

       (DEFAULT, '3-VVZ-872', 2019, false, 17944.99,
        (SELECT id FROM models WHERE model_type = 'Stonic' AND brand = 'Kia'), DEFAULT),

       (DEFAULT, '1-AZR-871', 2019, false, 17944.99,
        (SELECT id FROM models WHERE model_type = '318' AND brand = 'BMW'), DEFAULT),

       (DEFAULT, '5-KNB-82', 2016, false, 12444.99,
        (SELECT id FROM models WHERE model_type = 'Corsa' AND brand = 'Opel'), DEFAULT),

       (DEFAULT, '3-CLK-81', 2019, false, 17944.99,
        (SELECT id FROM models WHERE model_type = 'Vivaro' AND brand = 'Opel'), DEFAULT),

       (DEFAULT, '3-KJH-281', 2019, false, 17944.99,
        (SELECT id FROM models WHERE model_type = 'Vivaro' AND brand = 'Opel'), DEFAULT),

       (DEFAULT, 'Z-ZLO-871', 2019, false, 17944.99,
        (SELECT id FROM models WHERE model_type = 'Pulsar' AND brand = 'Nissan'), DEFAULT),

       (DEFAULT, '4-ZEC-981', 2019, false, 17944.99,
        (SELECT id FROM models WHERE model_type = 'Cooper Cabriao' AND brand = 'Mini'), DEFAULT),

       (DEFAULT, '2-VBZ-152', 2019, false, 17944.99,
        (SELECT id FROM models WHERE model_type = 'CR-V' AND brand = 'Honda'), DEFAULT),

       (DEFAULT, '1-KJW-132', 2019, false, 17944.99,
        (SELECT id FROM models WHERE model_type = 'Traffic' AND brand = 'Renault'), DEFAULT),

       (DEFAULT, '4-CZA-992', 2019, false, 17944.99,
        (SELECT id FROM models WHERE model_type = 'Qashqai' AND brand = 'Nissan'), DEFAULT),

       (DEFAULT, '7-MQW-173', 2019, false, 17944.99,
        (SELECT id FROM models WHERE model_type = 'Renegade' AND brand = 'Jeep'), DEFAULT),

       (DEFAULT, '2-CVM-234', 2019, false, 17944.99,
        (SELECT id FROM models WHERE model_type = 'Vivaro' AND brand = 'Opel'), DEFAULT),

       (DEFAULT, '4-CSQ-242', 2019, false, 17944.99,
        (SELECT id FROM models WHERE model_type = 'Vivaro' AND brand = 'Opel'), DEFAULT),

       (DEFAULT, '6-CUF-192', 2019, false, 17944.99,
        (SELECT id FROM models WHERE model_type = 'Megane' AND brand = 'Renault'), DEFAULT),

       (DEFAULT, '2-ZCS-111', 2019, false, 17944.99,
        (SELECT id FROM models WHERE model_type = 'Juke' AND brand = 'Nissan'), DEFAULT),

       (DEFAULT, '1-ERT-12', 2019, false, 17944.99,
        (SELECT id FROM models WHERE model_type = 'Yaris' AND brand = 'Toyota'), DEFAULT),

       (DEFAULT, '3-ZSQ-156', 2019, false, 17944.99,
        (SELECT id FROM models WHERE model_type = 'Espace' AND brand = 'Renault'), DEFAULT),

       (DEFAULT, '9-KJU-432', 2019, false, 17944.99,
        (SELECT id FROM models WHERE model_type = 'Espace' AND brand = 'Renault'), DEFAULT),

       (DEFAULT, '4-CZA-44', 2019, false, 17944.99,
        (SELECT id FROM models WHERE model_type = 'Passat' AND brand = 'Volkswagen'), DEFAULT),

       (DEFAULT, '3-PLM-131', 2019, false, 17944.99,
        (SELECT id FROM models WHERE model_type = 'Auris' AND brand = 'Toyota'), DEFAULT),

       (DEFAULT, '2-CGF-872', 2019, false, 17944.99,
        (SELECT id FROM models WHERE model_type = 'Spark' AND brand = 'Chevrolet'), DEFAULT),

       (DEFAULT, '4-CDS-55', 2019, false, 17944.99,
        (SELECT id FROM models WHERE model_type = 'Astra' AND brand = 'Opel'), DEFAULT),

       (DEFAULT, '4-CSA-223', 2019, false, 17944.99,
        (SELECT id FROM models WHERE model_type = 'Astra' AND brand = 'Opel'), DEFAULT),

       (DEFAULT, '7-FDE-221', 2019, false, 17944.99,
        (SELECT id FROM models WHERE model_type = 'Evalia' AND brand = 'Nissan'), DEFAULT),

       (DEFAULT, '7-XSQ-771', 2019, false, 17944.99,
        (SELECT id FROM models WHERE model_type = 'Avensis' AND brand = 'Toyota'), DEFAULT),

       (DEFAULT, '7-CUF-192', 2019, false, 17944.99,
        (SELECT id FROM models WHERE model_type = 'Spark' AND brand = 'Chevrolet'), DEFAULT),

       (DEFAULT, '7-ZWQ-982', 2019, false, 17944.99,
        (SELECT id FROM models WHERE model_type = 'Caddy' AND brand = 'Volkswagen'), DEFAULT),

       (DEFAULT, '7-KJX-125', 2019, false, 17944.99,
        (SELECT id FROM models WHERE model_type = 'Caddy' AND brand = 'Volkswagen'), DEFAULT),

       (DEFAULT, '5-CVK-982', 2019, false, 17944.99,
        (SELECT id FROM models WHERE model_type = 'Corolla' AND brand = 'Toyota'), DEFAULT),

       (DEFAULT, '2-CVR-621', 2019, false, 17944.99,
        (SELECT id FROM models WHERE model_type = 'Golf' AND brand = 'Volkswagen'), DEFAULT),

       (DEFAULT, '3-CVM-129', 2019, false, 17944.99,
        (SELECT id FROM models WHERE model_type = 'Touran' AND brand = 'Volkswagen'), DEFAULT),

       (DEFAULT, '7-OIZ-236', 2019, false, 17944.99,
        (SELECT id FROM models WHERE model_type = 'Touran' AND brand = 'Volkswagen'), DEFAULT),

       (DEFAULT, '4-KJN-231', 2019, false, 11354.99,
        (SELECT id FROM models WHERE model_type = 'Focus' AND brand = 'Ford'), DEFAULT),

       (DEFAULT, '2-CVW-982', 2019, false, 17944.99,
        (SELECT id FROM models WHERE model_type = 'T-ROC' AND brand = 'Volkswagen'), DEFAULT),

       (DEFAULT, '2-MLZ-542', 2019, false, 17944.99,
        (SELECT id FROM models WHERE model_type = 'A4' AND brand = 'Audi'), DEFAULT),

       (DEFAULT, '3-MPO-873', 2019, false, 17944.99,
        (SELECT id FROM models WHERE model_type = 'Mondeo' AND brand = 'Ford'), DEFAULT),

       (DEFAULT, '4-BNK-341', 2019, false, 12944.99,
        (SELECT id FROM models WHERE model_type = 'C-Max' AND brand = 'Ford'), DEFAULT),

       (DEFAULT, '2-VBA-531', 2017, false, 1124.99,
        (SELECT id FROM models WHERE model_type = 'Focus' AND brand = 'Ford'), DEFAULT),

       (DEFAULT, '5-LOI-33', 2019, false, 17233.99,
        (SELECT id FROM models WHERE model_type = 'Punto' AND brand = 'Fiat'), DEFAULT),

       (DEFAULT, '2-HYI-432', 2019, false, 12244.99,
        (SELECT id FROM models WHERE model_type = 'Aygo' AND brand = 'Toyota'), DEFAULT),

       (DEFAULT, '2-CVS-542', 2019, false, 17344.99,
        (SELECT id FROM models WHERE model_type = 'A4' AND brand = 'Audi'), DEFAULT),

       (DEFAULT, '2-GTU-144', 2019, false, 11244.99,
        (SELECT id FROM models WHERE model_type = 'X1' AND brand = 'BMW'), DEFAULT),

       (DEFAULT, '3-FRE-342', 2019, false, 12922.99,
        (SELECT id FROM models WHERE model_type = 'Punto' AND brand = 'Fiat'), DEFAULT),

       (DEFAULT, '7-VCF-242', 2019, false, 12924.99,
        (SELECT id FROM models WHERE model_type = 'Venga' AND brand = 'Kia'), DEFAULT),

       (DEFAULT, '4-CZD-93', 2019, false, 1344.99,
        (SELECT id FROM models WHERE model_type = 'Baleno' AND brand = 'Suzuki'), DEFAULT),

       (DEFAULT, '1-REZ-99', 2019, false, 13924.99,
        (SELECT id FROM models WHERE model_type = 'Golf' AND brand = 'Volkswagen'), DEFAULT),

       (DEFAULT, '2-ZZH-45', 2019, false, 15421.99,
        (SELECT id FROM models WHERE model_type = 'Evalia' AND brand = 'Nissan'), DEFAULT),

       (DEFAULT, '1-CUA-88', 2020, false, 11421.99,
        (SELECT id FROM models WHERE model_type = 'Evalia' AND brand = 'Nissan'), DEFAULT),

       (DEFAULT, '4-CUE-88', 2019, false, 15421.99,
        (SELECT id FROM models WHERE model_type = 'Punto' AND brand = 'Fiat'), DEFAULT),

       (DEFAULT, '4-XAF-88', 2019, false, 14421.99,
        (SELECT id FROM models WHERE model_type = 'A4' AND brand = 'Audi'), DEFAULT),

       (DEFAULT, '5-RUZ-18', 2019, false, 15421.99,
        (SELECT id FROM models WHERE model_type = 'Punto' AND brand = 'Fiat'), DEFAULT),

       (DEFAULT, '7-AUZ-38', 2018, false, 15421.99,
        (SELECT id FROM models WHERE model_type = 'Corolla' AND brand = 'Toyota'), DEFAULT),

       (DEFAULT, '3-RUF-58', 2019, false, 15421.99,
        (SELECT id FROM models WHERE model_type = 'Punto' AND brand = 'Fiat'), DEFAULT),

       (DEFAULT, '7-CCF-38', 2019, false, 17421.99,
        (SELECT id FROM models WHERE model_type = 'Evalia' AND brand = 'Nissan'), DEFAULT),

       (DEFAULT, '3-VUV-22', 2020, false, 15421.99,
        (SELECT id FROM models WHERE model_type = 'Punto' AND brand = 'Fiat'), DEFAULT),

       (DEFAULT, '2-CZQ-82', 2019, false, 15421.99,
        (SELECT id FROM models WHERE model_type = 'Corolla' AND brand = 'Toyota'), DEFAULT),

       (DEFAULT, '2-CDP-11', 2019, false, 18421.99,
        (SELECT id FROM models WHERE model_type = 'Yaris' AND brand = 'Toyota'), DEFAULT),

       (DEFAULT, '2-CFT-33', 2019, false, 15421.99,
        (SELECT id FROM models WHERE model_type = 'Punto' AND brand = 'Fiat'), DEFAULT),

       (DEFAULT, '9-CFQ-11', 2019, false, 15421.99,
        (SELECT id FROM models WHERE model_type = 'Evalia' AND brand = 'Nissan'), DEFAULT),

       (DEFAULT, '4-WXW-33', 2020, false, 12421.99,
        (SELECT id FROM models WHERE model_type = 'Caddy' AND brand = 'Volkswagen'), DEFAULT),

       (DEFAULT, '5-CVR-98', 2019, false, 15421.99,
        (SELECT id FROM models WHERE model_type = 'Corolla' AND brand = 'Toyota'), DEFAULT),

       (DEFAULT, '3-CXL-32', 2019, false, 15421.99,
        (SELECT id FROM models WHERE model_type = 'A4' AND brand = 'Audi'), DEFAULT),

       (DEFAULT, '1-MLK-34', 2020, false, 13421.99,
        (SELECT id FROM models WHERE model_type = 'Golf' AND brand = 'Volkswagen'), DEFAULT),

       (DEFAULT, '3-ACB-99', 2019, false, 19421.99,
        (SELECT id FROM models WHERE model_type = 'Evalia' AND brand = 'Nissan'), DEFAULT),

       (DEFAULT, '3-ZNE-88', 2018, false, 15421.99,
        (SELECT id FROM models WHERE model_type = 'Evalia' AND brand = 'Nissan'), DEFAULT),

       (DEFAULT, '3-ANW-45', 2019, false, 15421.99,
        (SELECT id FROM models WHERE model_type = 'Astra' AND brand = 'Opel'), DEFAULT),

       (DEFAULT, '5-DFR-32', 2016, false, 19421.99,
        (SELECT id FROM models WHERE model_type = 'Megane' AND brand = 'Renault'), DEFAULT),

       (DEFAULT, '3-XFD-12', 2019, false, 15421.99,
        (SELECT id FROM models WHERE model_type = 'Punto' AND brand = 'Fiat'), DEFAULT),

       (DEFAULT, '4-VFD-10', 2019, false, 15421.99,
        (SELECT id FROM models WHERE model_type = 'A4' AND brand = 'Audi'), DEFAULT),

       (DEFAULT, '2-XCJ-34', 2019, false, 15421.99,
        (SELECT id FROM models WHERE model_type = 'Spark' AND brand = 'Chevrolet'), DEFAULT),

       (DEFAULT, '7-TXW-88', 2015, false, 13421.99,
        (SELECT id FROM models WHERE model_type = 'Astra' AND brand = 'Opel'), DEFAULT),

       (DEFAULT, '2-XCT-81', 2015, false, 15421.99,
        (SELECT id FROM models WHERE model_type = 'Evalia' AND brand = 'Nissan'), DEFAULT),

       (DEFAULT, '4-KJQ-32', 2019, false, 15421.99,
        (SELECT id FROM models WHERE model_type = 'Punto' AND brand = 'Fiat'), DEFAULT),

       (DEFAULT, '6-XCD-87', 2019, false, 15421.99,
        (SELECT id FROM models WHERE model_type = 'Espace' AND brand = 'Renault'), DEFAULT),

       (DEFAULT, '3-AWS-23', 2020, false, 15421.99,
        (SELECT id FROM models WHERE model_type = 'Touran' AND brand = 'Volkswagen'), DEFAULT),

       (DEFAULT, '5-VBZ-82', 2019, false, 15421.99,
        (SELECT id FROM models WHERE model_type = 'Spark' AND brand = 'Chevrolet'), DEFAULT),

       (DEFAULT, '4-CXW-18', 2019, false, 15421.99,
        (SELECT id FROM models WHERE model_type = 'Touran' AND brand = 'Volkswagen'), DEFAULT),

       (DEFAULT, '6-AZE-87', 2017, false, 15421.99,
        (SELECT id FROM models WHERE model_type = 'Yaris' AND brand = 'Toyota'), DEFAULT),

       (DEFAULT, '1-XCZ-33', 2020, false, 15421.99,
        (SELECT id FROM models WHERE model_type = 'Megane' AND brand = 'Renault'), DEFAULT),

       (DEFAULT, '1-CVD-88', 2019, false, 15421.99,
        (SELECT id FROM models WHERE model_type = 'Evalia' AND brand = 'Nissan'), DEFAULT),

       (DEFAULT, '2-XCD-21', 2019, false, 15421.99,
        (SELECT id FROM models WHERE model_type = 'Spark' AND brand = 'Chevrolet'), DEFAULT),

       --- ***********************************

       (DEFAULT, '1-AAE-88', 2019, false, 15421.99,
        (SELECT id FROM models WHERE model_type = 'Touran' AND brand = 'Volkswagen'), DEFAULT),

       (DEFAULT, '1-WXM-22', 2019, false, 15421.99,
        (SELECT id FROM models WHERE model_type = 'Spark' AND brand = 'Chevrolet'), DEFAULT),

       (DEFAULT, '3-LLK-23', 2019, false, 15421.99,
        (SELECT id FROM models WHERE model_type = 'Corolla' AND brand = 'Toyota'), DEFAULT),

       (DEFAULT, '6-VVC-22', 2019, false, 15421.99,
        (SELECT id FROM models WHERE model_type = 'Vivaro' AND brand = 'Opel'), DEFAULT),

       (DEFAULT, '4-CLO-44', 2019, false, 15421.99,
        (SELECT id FROM models WHERE model_type = 'Venga' AND brand = 'Kia'), DEFAULT),

       (DEFAULT, '1-XWQ-22', 2019, false, 15421.99,
        (SELECT id FROM models WHERE model_type = 'Mondeo' AND brand = 'Ford'), DEFAULT),

       (DEFAULT, '4-SCE-99', 2019, false, 15421.99,
        (SELECT id FROM models WHERE model_type = 'Spark' AND brand = 'Chevrolet'), DEFAULT),

       (DEFAULT, '8-KJS-21', 2019, false, 15421.99,
        (SELECT id FROM models WHERE model_type = 'Mondeo' AND brand = 'Ford'), DEFAULT),

       (DEFAULT, '3-FFD-87', 2019, false, 15421.99,
        (SELECT id FROM models WHERE model_type = 'Corolla' AND brand = 'Toyota'), DEFAULT),

       (DEFAULT, '4-ZZR-87', 2019, false, 19421.99,
        (SELECT id FROM models WHERE model_type = 'Vivaro' AND brand = 'Opel'), DEFAULT),

       (DEFAULT, '2-XCL-33', 2019, false, 15421.99,
        (SELECT id FROM models WHERE model_type = 'Venga' AND brand = 'Kia'), DEFAULT),

       (DEFAULT, '8-SBE-018', 2017, false, 12254.99,
        (SELECT id FROM models WHERE model_type = 'Focus' AND brand = 'Ford'), DEFAULT);

INSERT INTO booking (id, cancellation_date, booking_state, withdrawal_date, return_date, user_id, car_id, created_at)
VALUES (DEFAULT, NULL, 'OPEN', '2021-12-03T09:00:00.000Z', '2021-12-03T19:00:00.000Z',
        (SELECT id FROM users WHERE username = 'toto'),
        (SELECT id FROM cars WHERE license_plate = '8-SBE-018'), DEFAULT),

       (DEFAULT, NULL, 'OPEN', '2021-12-06T10:00:00.000Z', '2021-12-06T19:00:00.000Z',
        (SELECT id FROM users WHERE username = 'titi'),
        (SELECT id FROM cars WHERE license_plate = '2-XCL-33'), DEFAULT),

       (DEFAULT, NULL, 'FINISHED', '2021-05-05T10:00:00.000Z', '2021-05-08T17:00:00.000Z',
        (SELECT id FROM users WHERE username = 'ycgygcd'), NULL, DEFAULT),

       (DEFAULT, NULL, 'FINISHED', '2021-05-17T09:00:00.000Z', '2021-05-17T18:00:00.000Z',
        (SELECT id FROM users WHERE username = 'fnduhohz'), NULL, DEFAULT),

       (DEFAULT, NULL, 'FINISHED', '2021-05-24T15:00:00.000Z', '2021-05-27T17:00:00.000Z',
        (SELECT id FROM users WHERE username = 'fezuznunzc'), NULL, DEFAULT),

       (DEFAULT, NULL, 'FINISHED', '2021-05-11T15:00:00.000Z', '2021-05-14T17:00:00.000Z',
        (SELECT id FROM users WHERE username = 'xsjfnuue'), NULL, DEFAULT),

       (DEFAULT, '2021-05-21T15:00:00.000Z', 'CANCELLED', '2021-05-24T15:00:00.000Z', '2021-05-26T17:00:00.000Z',
        (SELECT id FROM users WHERE username = 'xsdnufveu'), NULL, DEFAULT),

       (DEFAULT, '2021-05-24T15:00:00.000Z', 'CANCELLED', '2021-05-25T16:00:00.000Z', '2021-05-29T17:00:00.000Z',
        (SELECT id FROM users WHERE username = 'nfuzhzuoh'), NULL, DEFAULT),

       (DEFAULT, NULL, 'OPEN', '2021-06-17T08:00:00.000Z', '2021-06-21T17:00:00.000Z',
        (SELECT id FROM users WHERE username = 'qzaoilbxf'),
        (SELECT id FROM cars WHERE license_plate = '7-VCF-242'), DEFAULT),

       (DEFAULT, NULL, 'OPEN', '2021-06-17T10:00:00.000Z', '2021-06-17T19:00:00.000Z',
        (SELECT id FROM users WHERE username = 'qwslkfbx'),
        (SELECT id FROM cars WHERE license_plate = '2-GTU-144'), DEFAULT),

       (DEFAULT, NULL, 'OPEN', '2021-06-19T08:00:00.000Z', '2021-06-19T19:00:00.000Z',
        (SELECT id FROM users WHERE username = 'qreoiqkxw'),
        (SELECT id FROM cars WHERE license_plate = '2-CVS-542'), DEFAULT),

       (DEFAULT, NULL, 'OPEN', '2021-06-21T14:00:00.000Z', '2021-06-25T17:00:00.000Z',
        (SELECT id FROM users WHERE username = 'wxmkdezav'),
        (SELECT id FROM cars WHERE license_plate = '2-HYI-432'), DEFAULT),

       (DEFAULT, NULL, 'OPEN', '2021-06-25T14:00:00.000Z', '2021-06-27T18:00:00.000Z',
        (SELECT id FROM users WHERE username = 'wxeezlrsml'),
        (SELECT id FROM cars WHERE license_plate = '5-LOI-33'), DEFAULT),

       (DEFAULT, NULL, 'OPEN', '2021-06-08T17:00:00.000Z', '2021-06-11T19:00:00.000Z',
        (SELECT id FROM users WHERE username = 'dndnzaxw'),
        (SELECT id FROM cars WHERE license_plate = '2-VBA-531'), DEFAULT),

       (DEFAULT, NULL, 'OPEN', '2021-07-13T17:00:00.000Z', '2021-07-14T19:00:00.000Z',
        (SELECT id FROM users WHERE username = 'tzndzn'),
        (SELECT id FROM cars WHERE license_plate = '4-BNK-341'), DEFAULT),

       (DEFAULT, NULL, 'OPEN', '2021-07-05T10:00:00.000Z', '2021-07-11T15:00:00.000Z',
        (SELECT id FROM users WHERE username = 'qsouezxw'),
        (SELECT id FROM cars WHERE license_plate = '3-MPO-873'), DEFAULT),

       (DEFAULT, NULL, 'OPEN', '2021-07-07T15:00:00.000Z', '2021-07-10T19:00:00.000Z',
        (SELECT id FROM users WHERE username = 'qsmkdexw'),
        (SELECT id FROM cars WHERE license_plate = '2-MLZ-542'), DEFAULT),

       (DEFAULT, NULL, 'OPEN', '2021-07-11T09:00:00.000Z', '2021-07-11T19:00:00.000Z',
        (SELECT id FROM users WHERE username = 'xsenzeay'),
        (SELECT id FROM cars WHERE license_plate = '2-CVW-982'), DEFAULT),

       (DEFAULT, NULL, 'OPEN', '2021-07-14T13:00:00.000Z', '2021-07-17T16:00:00.000Z',
        (SELECT id FROM users WHERE username = 'sbbjnunz'),
        (SELECT id FROM cars WHERE license_plate = '4-KJN-231'), DEFAULT),

       (DEFAULT, NULL, 'OPEN', '2021-07-19T13:00:00.000Z', '2021-07-21T11:00:00.000Z',
        (SELECT id FROM users WHERE username = 'wxnvetyos'),
        (SELECT id FROM cars WHERE license_plate = '7-OIZ-236'), DEFAULT),

       (DEFAULT, NULL, 'OPEN', '2021-07-21T18:00:00.000Z', '2021-07-24T19:00:00.000Z',
        (SELECT id FROM users WHERE username = 'dsihdcibscd'),
        (SELECT id FROM cars WHERE license_plate = '4-CZD-93'), DEFAULT),

       (DEFAULT, NULL, 'OPEN', '2021-07-26T08:00:00.000Z', '2021-07-29T19:00:00.000Z',
        (SELECT id FROM users WHERE username = 'wxmlfezlop'),
        (SELECT id FROM cars WHERE license_plate = '1-BDC-123'), DEFAULT),

       (DEFAULT, NULL, 'OPEN', '2021-08-04T08:00:00.000Z', '2021-08-04T19:00:00.000Z',
        (SELECT id FROM users WHERE username = 'wxcezqxkh'),
        (SELECT id FROM cars WHERE license_plate = '3-CVM-129'), DEFAULT),

       (DEFAULT, NULL, 'OPEN', '2021-08-10T16:00:00.000Z', '2021-08-14T14:00:00.000Z',
        (SELECT id FROM users WHERE username = 'wxdzryi'),
        (SELECT id FROM cars WHERE license_plate = '2-CVR-621'), DEFAULT),

       (DEFAULT, NULL, 'OPEN', '2021-08-17T13:00:00.000Z', '2021-08-20T13:00:00.000Z',
        (SELECT id FROM users WHERE username = 'sqwdmkzz'),
        (SELECT id FROM cars WHERE license_plate = '5-CVK-982'), DEFAULT),

       (DEFAULT, NULL, 'OPEN', '2021-08-26T16:00:00.000Z', '2021-08-29T13:00:00.000Z',
        (SELECT id FROM users WHERE username = 'qzrilljsx'),
        (SELECT id FROM cars WHERE license_plate = '1-XZF-92'), DEFAULT),

       (DEFAULT, NULL, 'OPEN', '2021-09-02T14:00:00.000Z', '2021-09-05T13:00:00.000Z',
        (SELECT id FROM users WHERE username = 'wcszcezez'),
        (SELECT id FROM cars WHERE license_plate = '7-KJX-125'), DEFAULT),

       (DEFAULT, NULL, 'OPEN', '2021-09-07T08:00:00.000Z', '2021-09-11T17:00:00.000Z',
        (SELECT id FROM users WHERE username = 'xfezmkcex'),
        (SELECT id FROM cars WHERE license_plate = '7-ZWQ-982'), DEFAULT),

       (DEFAULT, NULL, 'OPEN', '2021-09-15T08:00:00.000Z', '2021-09-15T18:00:00.000Z',
        (SELECT id FROM users WHERE username = 'lksxvez'),
        (SELECT id FROM cars WHERE license_plate = '7-CUF-192'), DEFAULT),

       (DEFAULT, NULL, 'OPEN', '2021-09-22T14:00:00.000Z', '2021-09-26T15:00:00.000Z',
        (SELECT id FROM users WHERE username = 'wxmljesx'),
        (SELECT id FROM cars WHERE license_plate = '7-XSQ-771'), DEFAULT),

       (DEFAULT, NULL, 'OPEN', '2021-10-04T08:00:00.000Z', '2021-10-04T18:00:00.000Z',
        (SELECT id FROM users WHERE username = 'wcslkjzmmn'),
        (SELECT id FROM cars WHERE license_plate = '7-FDE-221'), DEFAULT),

       (DEFAULT, NULL, 'OPEN', '2021-10-06T13:00:00.000Z', '2021-10-09T17:00:00.000Z',
        (SELECT id FROM users WHERE username = 'dcozuz'),
        (SELECT id FROM cars WHERE license_plate = '3-LLK-23'), DEFAULT),

       (DEFAULT, NULL, 'OPEN', '2021-10-14T13:00:00.000Z', '2021-10-17T13:00:00.000Z',
        (SELECT id FROM users WHERE username = 'qceizijxw'),
        (SELECT id FROM cars WHERE license_plate = '7-CYU-392'), DEFAULT),

       (DEFAULT, NULL, 'OPEN', '2021-10-20T09:00:00.000Z', '2021-10-20T19:00:00.000Z',
        (SELECT id FROM users WHERE username = 'fbduziz'),
        (SELECT id FROM cars WHERE license_plate = '4-CDS-55'), DEFAULT),

       (DEFAULT, NULL, 'OPEN', '2021-10-27T13:00:00.000Z', '2021-10-30T13:00:00.000Z',
        (SELECT id FROM users WHERE username = 'fnsohoish'),
        (SELECT id FROM cars WHERE license_plate = '2-CGF-872'), DEFAULT),

       (DEFAULT, NULL, 'OPEN', '2021-11-03T13:00:00.000Z', '2021-11-06T15:00:00.000Z',
        (SELECT id FROM users WHERE username = 'qscxbzlu'),
        (SELECT id FROM cars WHERE license_plate = '3-PLM-131'), DEFAULT),

       (DEFAULT, NULL, 'OPEN', '2021-11-10T08:00:00.000Z', '2021-11-10T13:00:00.000Z',
        (SELECT id FROM users WHERE username = 'xvslejoiz'),
        (SELECT id FROM cars WHERE license_plate = '4-CZA-44'), DEFAULT),

       (DEFAULT, NULL, 'OPEN', '2021-11-16T13:00:00.000Z', '2021-11-19T23:00:00.000Z',
        (SELECT id FROM users WHERE username = 'mdnjnzzq'),
        (SELECT id FROM cars WHERE license_plate = '9-KJU-432'), DEFAULT),

       (DEFAULT, NULL, 'OPEN', '2021-11-17T16:00:00.000Z', '2021-11-18T13:00:00.000Z',
        (SELECT id FROM users WHERE username = 'dsniazjax'),
        (SELECT id FROM cars WHERE license_plate = '3-ZSQ-156'), DEFAULT),

       (DEFAULT, NULL, 'OPEN', '2021-12-07T13:00:00.000Z', '2021-12-10T13:00:00.000Z',
        (SELECT id FROM users WHERE username = 'wczyuzza'),
        (SELECT id FROM cars WHERE license_plate = '1-ERT-12'), DEFAULT),

       (DEFAULT, NULL, 'OPEN', '2021-12-20T13:00:00.000Z', '2021-12-23T14:00:00.000Z',
        (SELECT id FROM users WHERE username = 'tata'),
        (SELECT id FROM cars WHERE license_plate = '4-ZZR-87'), DEFAULT),

       (DEFAULT, NULL, 'OPEN', '2021-12-13T09:00:00.000Z', '2021-12-16T10:00:00.000Z',
        (SELECT id FROM users WHERE username = 'tutu'),
        (SELECT id FROM cars WHERE license_plate = '3-FFD-87'), DEFAULT);

INSERT INTO rent (id, license_number, withdrawal_km, return_km, effective_return_date, caution_payment, booking_id,
                  created_at)
VALUES (DEFAULT, '2341234532', 74321, 74521, '2021-05-08T15:00:00.000Z', true,
        (SELECT id FROM booking WHERE return_date = '2021-05-08T17:00:00.000Z'), DEFAULT),

       (DEFAULT, '1241231532', 94321, 94421, '2021-05-17T015:00:00.000Z', false,
        (SELECT id FROM booking WHERE return_date = '2021-05-17T18:00:00.000Z'), DEFAULT),

       (DEFAULT, '0341234531', 84321, 84721, '2021-05-29T15:00:00.000Z', false,
        (SELECT id FROM booking WHERE return_date = '2021-05-27T17:00:00.000Z'), DEFAULT),

       (DEFAULT, '8941234510', 91321, 91521, '2021-05-15T13:00:00.000Z', true,
        (SELECT id FROM booking WHERE return_date = '2021-05-14T17:00:00.000Z'), DEFAULT);
